url_path,tag,cover_image,location,property_name,developer_logo,title,description,m2,Beds,Baths,payment_plan,price
https://www.nawy.com/compound/614-blanca/property/7995-blanca-grand-cabana,,https://prod-images.cooingestate.com/processed/property_image/image/93636/high.webp,Somabay,"Cabin, Blanca",https://prod-images.cooingestate.com/processed/developer/logo_image/12/medium.webp,Cabin for sale in Blanca - with 2 bedrooms in Somabay by Somabay.,Cabin for sale in Blanca - with 2 bedrooms in Somabay by Somabay.,138,2,1,"1,928,571 EGP quarterly / 7 Years","60,000,000 EGP"
https://www.nawy.com/compound/1964-Mesca%20Edition/property/112306-Cabin-for-sale-in-Mesca%20Edition-with-11-bedrooms-in-Somabay-by-Somabay,,https://prod-images.cooingestate.com/processed/inventory/brochure_images/Somabay/mescaedition/page_11_img_0/high.webp,Somabay,"Cabin, Mesca Edition",https://prod-images.cooingestate.com/processed/developer/logo_image/12/medium.webp,Cabin for sale in Mesca Edition - with 1 bedroom in Somabay by Somabay.,Cabin for sale in Mesca Edition - with 1 bedroom in Somabay by Somabay.,69,1,1,"803,571 EGP quarterly / 7 Years","30,000,000 EGP"
https://www.nawy.com/compound/1353-m-residence/property/104367-Cabin-for-sale-in-M%20Residence-with-11-bedrooms-in-Ain%20Sokhna-by-Tatweer%20Misr,,https://prod-images.cooingestate.com/processed/inventory/brochure_images/Tatweer%20Misr/mresidence/m%20residence%205/high.webp,Ain Sokhna,"Cabin, M Residence",https://prod-images.cooingestate.com/processed/developer/logo_image/33/medium.webp,Cabin for sale in M Residence - with 1 bedroom in Ain Sokhna by Tatweer Misr.,Cabin for sale in M Residence - with 1 bedroom in Ain Sokhna by Tatweer Misr.,45,1,1,"157,127 EGP quarterly / 8 Years","5,349,000 EGP"
https://www.nawy.com/compound/1156-gaia-cabanas/property/82529-cabin-for-sale-in-gaia-cabanas,Resale,https://prod-images.cooingestate.com/processed/property_image/image/413267/high.webp,Ras El Hekma,"Cabin, Gaia Cabanas",https://prod-images.cooingestate.com/processed/developer/logo_image/342/medium.webp,Cabin for sale in Gaia Cabanas  - with 1 bedroom in Ras El Hekma by Melee Development.,Cabin for sale in Gaia Cabanas  - with 1 bedroom in Ras El Hekma by Melee Development.,40,1,1,"182,478 EGP monthly / 6 Years","14,740,000 EGP"
https://www.nawy.com/compound/1466-hacienda-blue/property/92936-Cabin-for-sale-in-Hacienda%20Blue-with-11-bedrooms-in-Al%20Dabaa-by-Palm%20Hills%20Developments,,https://prod-images.cooingestate.com/processed/inventory/brochure_images/Palm%20Hills%20Developments/haciendablue/Hacienda%20blue%20pic%20Cabin/high.webp,Al Dabaa,"Cabin, Hacienda Blue",https://prod-images.cooingestate.com/processed/developer/logo_image/16/medium.webp,Cabin for sale in Hacienda Blue - with in Al Dabaa by Palm Hills Developments.,Cabin for sale in Hacienda Blue - with in Al Dabaa by Palm Hills Developments.,43,,1,"Starting From 129,484 EGP monthly / 12 Years","19,627,000 EGP"
https://www.nawy.com/compound/761-the-med/property/56669-serviced-apartment-for-sale-in-the-med-ras-el-hekma-north-coast,Resale,https://prod-images.cooingestate.com/processed/property_image/image/598539/high.webp,Ras El Hekma,"Cabin, The Med",https://prod-images.cooingestate.com/processed/developer/logo_image/225/medium.webp,Cabin for sale in The Med  - with 1 bedroom in Ras El Hekma by People & Places.,Cabin for sale in The Med  - with 1 bedroom in Ras El Hekma by People & Places.,54,1,1,"132,364 EGP monthly / 5 Years","20,213,700 EGP"
https://www.nawy.com/compound/1156-gaia-cabanas/property/103423-Cabin-for-sale-in-Gaia%20Cabanas%20-with-11-bedrooms-in-Ras%20El%20Hekma-by-Melee%20Development,,https://prod-images.cooingestate.com/processed/inventory/brochure_images/Melee%20Development/gaiacabanas/Screenshot%202025-10-15%20161313/high.webp,Ras El Hekma,"Cabin, Gaia Cabanas",https://prod-images.cooingestate.com/processed/developer/logo_image/342/medium.webp,Cabin for sale in Gaia Cabanas  - with in Ras El Hekma by Melee Development.,Cabin for sale in Gaia Cabanas  - with in Ras El Hekma by Melee Development.,38,,1,"345,938 EGP quarterly / 8 Years","12,300,000 EGP"
https://www.nawy.com/compound/1064-arc-soma-bay/property/44108-apartment-for-sale-in-arc-soma-bay-with-3-bedrooms-in-el-gouna-by-somabay,,https://prod-images.cooingestate.com/processed/property_image/image/215559/high.webp,Somabay,"Cabin, ARC- Soma Bay",https://prod-images.cooingestate.com/processed/developer/logo_image/12/medium.webp,Cabin for sale in ARC- Soma Bay - with 3 bedrooms in Somabay by Somabay.,Cabin for sale in ARC- Soma Bay - with 3 bedrooms in Somabay by Somabay.,151,3,3,"896,786 EGP quarterly / 7 Years","27,900,000 EGP"
https://www.nawy.com/compound/1981-Kin%20Island-Crysta/property/112005-Cabin-for-sale-in-Kin%20Island-Crysta-with-11-bedrooms-in-Sidi%20Abdel%20Rahman-by-Mountain%20View,,https://prod-images.cooingestate.com/processed/inventory/brochure_images/Mountain%20View/kinislandcrysta/high%202/high.webp,Sidi Abdel Rahman,"Cabin, Kin Island-Crysta",https://prod-images.cooingestate.com/processed/developer/logo_image/6/medium.webp,Cabin for sale in Kin Island-Crysta - with in Sidi Abdel Rahman by Mountain View.,Cabin for sale in Kin Island-Crysta - with in Sidi Abdel Rahman by Mountain View.,50,,1,"575,021 EGP quarterly / 8 Years","20,445,174 EGP"
https://www.nawy.com/compound/1156-gaia-cabanas/property/104814-Cabin-for-sale-in-Gaia%20Cabanas%20-with-11-bedrooms-in-Ras%20El%20Hekma-by-Melee%20Development,,https://prod-images.cooingestate.com/processed/inventory/brochure_images/Melee%20Development/gaiacabanas/Screenshot%202025-10-15%20161358/high.webp,Ras El Hekma,"Cabin, Gaia Cabanas",https://prod-images.cooingestate.com/processed/developer/logo_image/342/medium.webp,Cabin for sale in Gaia Cabanas  - with in Ras El Hekma by Melee Development.,Cabin for sale in Gaia Cabanas  - with in Ras El Hekma by Melee Development.,76,,1,"686,251 EGP quarterly / 8 Years","24,400,028 EGP"
https://www.nawy.com/compound/231-north-edge-new-alamein/property/69176-cabin-for-sale-in-north-edge-new-alamein,Resale,https://prod-images.cooingestate.com/processed/property_image/image/353492/high.webp,Al Alamein,"Cabin, North Edge New Alamein",https://prod-images.cooingestate.com/processed/developer/logo_image/74/medium.webp,Cabin for sale in North Edge New Alamein - with 1 bedroom in Al Alamein by City Edge Developments.,Cabin for sale in North Edge New Alamein - with 1 bedroom in Al Alamein by City Edge Developments.,116,1,1,"44,792 EGP monthly / 4 Years","15,000,000 EGP"
https://www.nawy.com/compound/70-hacienda-white/property/88442-cabin-for-sale-in-hacienda-white,Resale,https://prod-images.cooingestate.com/processed/property_image/image/444960/high.webp,Sidi Abdel Rahman,"Cabin, Hacienda White",https://prod-images.cooingestate.com/processed/developer/logo_image/16/medium.webp,Cabin for sale in Hacienda White - with 1 bedroom in Sidi Abdel Rahman by Palm Hills Developments.,Cabin for sale in Hacienda White - with 1 bedroom in Sidi Abdel Rahman by Palm Hills Developments.,43,1,1,,"9,500,000 EGP"
https://www.nawy.com/compound/1981-Kin%20Island-Crysta/property/112006-Cabin-for-sale-in-Kin%20Island-Crysta-with-11-bedrooms-in-Sidi%20Abdel%20Rahman-by-Mountain%20View,,https://prod-images.cooingestate.com/processed/inventory/brochure_images/Mountain%20View/kinislandcrysta/high%202/high.webp,Sidi Abdel Rahman,"Cabin, Kin Island-Crysta",https://prod-images.cooingestate.com/processed/developer/logo_image/6/medium.webp,Cabin for sale in Kin Island-Crysta - with 1 bedroom in Sidi Abdel Rahman by Mountain View.,Cabin for sale in Kin Island-Crysta - with 1 bedroom in Sidi Abdel Rahman by Mountain View.,60,1,1,"239,294 EGP quarterly / 9 Years","9,571,744 EGP"
https://www.nawy.com/compound/1156-gaia-cabanas/property/57439-cabin-for-sale-in-gaia-cabanas-north-coast,Resale,https://prod-images.cooingestate.com/processed/property_image/image/283833/high.webp,Ras El Hekma,"Cabin, Gaia Cabanas",https://prod-images.cooingestate.com/processed/developer/logo_image/342/medium.webp,Cabin for sale in Gaia Cabanas  - with 1 bedroom in Ras El Hekma by Melee Development.,Cabin for sale in Gaia Cabanas  - with 1 bedroom in Ras El Hekma by Melee Development.,40,1,1,,"13,325,000 EGP"
https://www.nawy.com/compound/927-salt/property/95887-cabin-for-sale-in-salt,Resale,https://www.nawy.com/assets/images/common/broken.webp,Ras El Hekma,"Cabin, Salt",https://prod-images.cooingestate.com/processed/developer/logo_image/33/medium.webp,Cabin for sale in Salt - with 1 bedroom in Ras El Hekma by Tatweer Misr.,Cabin for sale in Salt - with 1 bedroom in Ras El Hekma by Tatweer Misr.,65,1,2,"95,230 EGP monthly / 10 Years","13,780,100 EGP"
https://www.nawy.com/compound/1981-Kin%20Island-Crysta/property/115185-Cabin-for-sale-in-Kin%20Island-Crysta-with-11-bedrooms-in-Sidi%20Abdel%20Rahman-by-Mountain%20View,,https://prod-images.cooingestate.com/processed/inventory/brochure_images/Mountain%20View/kinislandcrysta/high%202/high.webp,Sidi Abdel Rahman,"Cabin, Kin Island-Crysta",https://prod-images.cooingestate.com/processed/developer/logo_image/6/medium.webp,Cabin for sale in Kin Island-Crysta - with in Sidi Abdel Rahman by Mountain View.,Cabin for sale in Kin Island-Crysta - with in Sidi Abdel Rahman by Mountain View.,50,,1,"284,441 EGP quarterly / 9 Years","11,377,632 EGP"
https://www.nawy.com/compound/1156-gaia-cabanas/property/117090-cabin-for-sale-in-gaia-cabanas-with-1-bedrooms-in-ras-el-hekma-by-melee-development,Resale,https://prod-images.cooingestate.com/processed/inventory/unlockedProperties/117090/8e8ec38e-f3ef-4647-bce7-2ab9e9a20be0/high.webp,Ras El Hekma,"Cabin, Gaia Cabanas",https://prod-images.cooingestate.com/processed/developer/logo_image/342/medium.webp,Cabin for sale in Gaia Cabanas  - with 1 bedroom in Ras El Hekma by Melee Development.,Cabin for sale in Gaia Cabanas  - with 1 bedroom in Ras El Hekma by Melee Development.,38,1,1,"568,750 EGP quarterly / 4 Years","14,600,000 EGP"
https://www.nawy.com/compound/761-the-med/property/80708-branded-cabin-for-sale-at-the-med,Resale,https://prod-images.cooingestate.com/processed/property_image/image/405099/high.webp,Ras El Hekma,"Cabin, The Med",https://prod-images.cooingestate.com/processed/developer/logo_image/225/medium.webp,Cabin for sale in The Med  - with 2 bedrooms in Ras El Hekma by People & Places.,Cabin for sale in The Med  - with 2 bedrooms in Ras El Hekma by People & Places.,107,2,2,"100,970 EGP monthly / 5 Years","19,632,878 EGP"
https://www.nawy.com/compound/1981-Kin%20Island-Crysta/property/115186-Cabin-for-sale-in-Kin%20Island-Crysta-with-11-bedrooms-in-Sidi%20Abdel%20Rahman-by-Mountain%20View,,https://prod-images.cooingestate.com/processed/inventory/brochure_images/Mountain%20View/kinislandcrysta/high%202/high.webp,Sidi Abdel Rahman,"Cabin, Kin Island-Crysta",https://prod-images.cooingestate.com/processed/developer/logo_image/6/medium.webp,Cabin for sale in Kin Island-Crysta - with in Sidi Abdel Rahman by Mountain View.,Cabin for sale in Kin Island-Crysta - with in Sidi Abdel Rahman by Mountain View.,50,,1,"235,729 EGP quarterly / 9 Years","9,429,169 EGP"
https://www.nawy.com/compound/1261-hacienda-waters/property/60786-Cabin-for-sale-in-Hacienda%20Waters%20-with-11-bedrooms-in-Ras%20El%20Hekma-by-Palm%20Hills%20Developments,,https://prod-images.cooingestate.com/processed/inventory/brochure_images/Palm%20Hills%20Developments/haciendawaters/Hacienda%20Waters%20223/high.webp,Ras El Hekma,"Cabin, Hacienda Waters",https://prod-images.cooingestate.com/processed/developer/logo_image/16/medium.webp,Cabin for sale in Hacienda Waters  - with in Ras El Hekma by Palm Hills Developments.,Cabin for sale in Hacienda Waters  - with in Ras El Hekma by Palm Hills Developments.,42,,1,"Starting From 120,742 EGP monthly / 12 Years","18,302,000 EGP"
https://www.nawy.com/compound/1064-arc-soma-bay/property/76999-cabin-for-sale-in-arc-soma-bay-with-3-bedrooms-in-somabay-by-somabay,,https://prod-images.cooingestate.com/processed/property_image/image/396569/high.webp,Somabay,"Cabin, ARC- Soma Bay",https://prod-images.cooingestate.com/processed/developer/logo_image/12/medium.webp,Cabin for sale in ARC- Soma Bay - with 3 bedrooms in Somabay by Somabay.,Cabin for sale in ARC- Soma Bay - with 3 bedrooms in Somabay by Somabay.,151,3,3,"800,357 EGP quarterly / 7 Years","24,900,000 EGP"
https://www.nawy.com/compound/761-the-med/property/80710-branded-cabin-for-sale-at-the-med,Resale,https://prod-images.cooingestate.com/processed/property_image/image/405109/high.webp,Ras El Hekma,"Cabin, The Med",https://prod-images.cooingestate.com/processed/developer/logo_image/225/medium.webp,Cabin for sale in The Med  - with 1 bedroom in Ras El Hekma by People & Places.,Cabin for sale in The Med  - with 1 bedroom in Ras El Hekma by People & Places.,55,1,1,"66,890 EGP monthly / 5 Years","12,611,970 EGP"
https://www.nawy.com/compound/1981-Kin%20Island-Crysta/property/115187-Cabin-for-sale-in-Kin%20Island-Crysta-with-11-bedrooms-in-Sidi%20Abdel%20Rahman-by-Mountain%20View,,https://prod-images.cooingestate.com/processed/inventory/brochure_images/Mountain%20View/kinislandcrysta/high%202/high.webp,Sidi Abdel Rahman,"Cabin, Kin Island-Crysta",https://prod-images.cooingestate.com/processed/developer/logo_image/6/medium.webp,Cabin for sale in Kin Island-Crysta - with 2 bedrooms in Sidi Abdel Rahman by Mountain View.,Cabin for sale in Kin Island-Crysta - with 2 bedrooms in Sidi Abdel Rahman by Mountain View.,100,2,2,"502,489 EGP quarterly / 9 Years","20,099,547 EGP"
https://www.nawy.com/compound/305-gaia/property/61782-cabin-for-sale-in-gaia-ras-el-hekma-north-coast,Resale,https://prod-images.cooingestate.com/processed/property_image/image/309648/high.webp,Ras El Hekma,"Cabin, Gaia",https://prod-images.cooingestate.com/processed/developer/logo_image/191/medium.webp,Cabin for sale in Gaia  - with 1 bedroom in Ras El Hekma by Al Ahly Sabbour Developments.,Cabin for sale in Gaia  - with 1 bedroom in Ras El Hekma by Al Ahly Sabbour Developments.,38,1,1,"189,130 EGP monthly / 6 Years","16,199,624 EGP"
https://www.nawy.com/compound/1981-Kin%20Island-Crysta/property/115418-Cabin-for-sale-in-Kin%20Island-Crysta-with-11-bedrooms-in-Sidi%20Abdel%20Rahman-by-Mountain%20View,,https://prod-images.cooingestate.com/processed/inventory/brochure_images/Mountain%20View/kinislandcrysta/high%202/high.webp,Sidi Abdel Rahman,"Cabin, Kin Island-Crysta",https://prod-images.cooingestate.com/processed/developer/logo_image/6/medium.webp,Cabin for sale in Kin Island-Crysta - with 3 bedrooms in Sidi Abdel Rahman by Mountain View.,Cabin for sale in Kin Island-Crysta - with 3 bedrooms in Sidi Abdel Rahman by Mountain View.,200,3,3,"932,155 EGP quarterly / 9 Years","37,286,186 EGP"
https://www.nawy.com/compound/929-solare/property/64379-cabin-for-sale-in-solare,Resale,https://prod-images.cooingestate.com/processed/property_image/image/523731/high.webp,Ras El Hekma,"Cabin, Solare",https://prod-images.cooingestate.com/processed/developer/logo_image/55/medium.webp,Cabin for sale in Solare - with 1 bedroom in Ras El Hekma by Misr Italia Properties.,Cabin for sale in Solare - with 1 bedroom in Ras El Hekma by Misr Italia Properties.,42,1,1,"158,780 EGP monthly / 7 Years","13,931,800 EGP"
https://www.nawy.com/compound/1064-arc-soma-bay/property/111869-Cabin-for-sale-in-ARC-%20Soma%20Bay-with-11-bedrooms-in-Somabay-by-Somabay,,https://prod-images.cooingestate.com/processed/inventory/brochure_images/Somabay/arcsomabay/page_18_img_0/high.webp,Somabay,"Cabin, ARC- Soma Bay",https://prod-images.cooingestate.com/processed/developer/logo_image/12/medium.webp,Cabin for sale in ARC- Soma Bay - with 3 bedrooms in Somabay by Somabay.,Cabin for sale in ARC- Soma Bay - with 3 bedrooms in Somabay by Somabay.,152,3,3,"1,221,429 EGP quarterly / 7 Years","38,000,000 EGP"
https://www.nawy.com/compound/305-gaia/property/63771-cabin-for-sale-in-gaia,Resale,https://prod-images.cooingestate.com/processed/property_image/image/321552/high.webp,Ras El Hekma,"Cabin, Gaia",https://prod-images.cooingestate.com/processed/developer/logo_image/191/medium.webp,Cabin for sale in Gaia  - with 1 bedroom in Ras El Hekma by Al Ahly Sabbour Developments.,Cabin for sale in Gaia  - with 1 bedroom in Ras El Hekma by Al Ahly Sabbour Developments.,38,1,1,"133,330 EGP monthly / 7 Years","14,401,250 EGP"
https://www.nawy.com/compound/614-blanca/property/111972-Cabin-for-sale-in-Blanca-with-11-bedrooms-in-Somabay-by-Somabay,,https://prod-images.cooingestate.com/processed/inventory/brochure_images/Somabay/blanca/page_9_img_1/high.webp,Somabay,"Cabin, Blanca",https://prod-images.cooingestate.com/processed/developer/logo_image/12/medium.webp,Cabin for sale in Blanca - with 2 bedrooms in Somabay by Somabay.,Cabin for sale in Blanca - with 2 bedrooms in Somabay by Somabay.,138,2,1,"2,217,857 EGP quarterly / 7 Years","69,000,000 EGP"
https://www.nawy.com/compound/521-hacienda-west/property/70236-Cabin-for-sale-in-Hacienda%20West-with-11-bedrooms-in-Ras%20El%20Hekma-by-Palm%20Hills%20Developments,,https://prod-images.cooingestate.com/processed/inventory/brochure_images/Palm%20Hills%20Developments/haciendawest/hacienda%20west%20cabin%2095-98%20pic/high.webp,Ras El Hekma,"Cabin, Hacienda West",https://prod-images.cooingestate.com/processed/developer/logo_image/16/medium.webp,Cabin for sale in Hacienda West - with 3 bedrooms in Ras El Hekma by Palm Hills Developments.,Cabin for sale in Hacienda West - with 3 bedrooms in Ras El Hekma by Palm Hills Developments.,127,3,3,"3,176,034 EGP quarterly / 5 Years","79,400,850 EGP"
https://www.nawy.com/compound/452-d-bay/property/62308-cabin-for-sale-in-d-bay-north-coast,Resale,https://prod-images.cooingestate.com/processed/property_image/image/313396/high.webp,Al Dabaa,"Cabin, D-Bay",https://prod-images.cooingestate.com/processed/developer/logo_image/33/medium.webp,Cabin for sale in D-Bay  - with 1 bedroom in Al Dabaa by Tatweer Misr.,Cabin for sale in D-Bay  - with 1 bedroom in Al Dabaa by Tatweer Misr.,40,1,1,"88,100 EGP monthly / 7 Years","9,500,000 EGP"
https://www.nawy.com/compound/615-soma-coves/property/86710-cabin-for-sale-in-soma-coves,Resale,https://prod-images.cooingestate.com/processed/property_image/image/435362/high.webp,Somabay,"Cabin, Soma Coves",https://prod-images.cooingestate.com/processed/developer/logo_image/12/medium.webp,Cabin for sale in Soma Coves - with 1 bedroom in Somabay by Somabay.,Cabin for sale in Soma Coves - with 1 bedroom in Somabay by Somabay.,138,1,1,,"24,000,000 EGP"
https://www.nawy.com/compound/929-solare/property/73963-cabin-for-sale-in-solare,Resale,https://prod-images.cooingestate.com/processed/property_image/image/626029/high.webp,Ras El Hekma,"Cabin, Solare",https://prod-images.cooingestate.com/processed/developer/logo_image/55/medium.webp,Cabin for sale in Solare - with 1 bedroom in Ras El Hekma by Misr Italia Properties.,Cabin for sale in Solare - with 1 bedroom in Ras El Hekma by Misr Italia Properties.,44,1,1,"142,540 EGP monthly / 6 Years","13,510,000 EGP"
https://www.nawy.com/compound/305-gaia/property/76730-cabin-for-sale-in-gaia,Resale,https://prod-images.cooingestate.com/processed/property_image/image/384012/high.webp,Ras El Hekma,"Cabin, Gaia",https://prod-images.cooingestate.com/processed/developer/logo_image/191/medium.webp,Cabin for sale in Gaia  - with 1 bedroom in Ras El Hekma by Al Ahly Sabbour Developments.,Cabin for sale in Gaia  - with 1 bedroom in Ras El Hekma by Al Ahly Sabbour Developments.,38,1,1,"180,000 EGP monthly / 6 Years","14,145,000 EGP"
https://www.nawy.com/compound/929-solare/property/75794-cabin-for-sale-in-solare,Resale,https://prod-images.cooingestate.com/processed/property_image/image/379303/high.webp,Ras El Hekma,"Cabin, Solare",https://prod-images.cooingestate.com/processed/developer/logo_image/55/medium.webp,Cabin for sale in Solare - with 1 bedroom in Ras El Hekma by Misr Italia Properties.,Cabin for sale in Solare - with 1 bedroom in Ras El Hekma by Misr Italia Properties.,44,1,1,"152,580 EGP monthly / 6 Years","13,720,000 EGP"
https://www.nawy.com/compound/90-il-monte-galala/property/64991-cabin-for-sale-in-il-monte-galala-ain-sokhna,Resale,https://prod-images.cooingestate.com/processed/property_image/image/328934/high.webp,Ain Sokhna,"Cabin, Il Monte Galala",https://prod-images.cooingestate.com/processed/developer/logo_image/33/medium.webp,Cabin for sale in Il Monte Galala - with 1 bedroom in Ain Sokhna by Tatweer Misr.,Cabin for sale in Il Monte Galala - with 1 bedroom in Ain Sokhna by Tatweer Misr.,40,1,1,"50,900 EGP monthly / 8 Years","6,834,580 EGP"
https://www.nawy.com/compound/929-solare/property/80683-cabin-in-solare,Resale,https://prod-images.cooingestate.com/processed/property_image/image/404960/high.webp,Ras El Hekma,"Cabin, Solare",https://prod-images.cooingestate.com/processed/developer/logo_image/55/medium.webp,Cabin for sale in Solare - with 1 bedroom in Ras El Hekma by Misr Italia Properties.,Cabin for sale in Solare - with 1 bedroom in Ras El Hekma by Misr Italia Properties.,44,1,1,"142,190 EGP monthly / 6 Years","13,200,000 EGP"
https://www.nawy.com/compound/305-gaia/property/90469-cabin-for-sale-in-gaia,Resale,https://prod-images.cooingestate.com/processed/property_image/image/458853/high.webp,Ras El Hekma,"Cabin, Gaia",https://prod-images.cooingestate.com/processed/developer/logo_image/191/medium.webp,Cabin for sale in Gaia  - with 1 bedroom in Ras El Hekma by Al Ahly Sabbour Developments.,Cabin for sale in Gaia  - with 1 bedroom in Ras El Hekma by Al Ahly Sabbour Developments.,38,1,1,"178,470 EGP monthly / 6 Years","14,208,330 EGP"
https://www.nawy.com/compound/370-zahra-morshedy-group/property/88811-cabin-for-sale-in-zahra-morshedy-group,Resale,https://prod-images.cooingestate.com/processed/property_image/image/447688/high.webp,Al Alamein,"Cabin, Zahra Morshedy Group",https://prod-images.cooingestate.com/processed/developer/logo_image/98/medium.webp,Cabin for sale in Zahra Morshedy Group - with 1 bedroom in Al Alamein by Morshedy Group.,Cabin for sale in Zahra Morshedy Group - with 1 bedroom in Al Alamein by Morshedy Group.,60,1,2,,"5,000,000 EGP"
https://www.nawy.com/compound/48-seashell-sidi-abdel-rahman/property/96677-cabin-for-sale-in-seashell-sidi-abdel-rahman-with-1-bedrooms-in-sidi-abdel-rahman-by-g-developments,Resale,https://prod-images.cooingestate.com/processed/inventory/unlockedProperties/96677/25629916-92c0-4e11-a91f-a1017178de45/high.webp,Sidi Abdel Rahman,"Cabin, Seashell Sidi Abdel Rahman",https://prod-images.cooingestate.com/processed/developer/logo_image/3/medium.webp,Cabin for sale in Seashell Sidi Abdel Rahman - with 1 bedroom in Sidi Abdel Rahman by G Developments.,Cabin for sale in Seashell Sidi Abdel Rahman - with 1 bedroom in Sidi Abdel Rahman by G Developments.,40,1,1,,"10,250,000 EGP"
https://www.nawy.com/compound/370-zahra-morshedy-group/property/88816-cabin-for-sale-in-zahra-morshedy-group,Resale,https://prod-images.cooingestate.com/processed/property_image/image/447712/high.webp,Al Alamein,"Cabin, Zahra Morshedy Group",https://prod-images.cooingestate.com/processed/developer/logo_image/98/medium.webp,Cabin for sale in Zahra Morshedy Group - with 1 bedroom in Al Alamein by Morshedy Group.,Cabin for sale in Zahra Morshedy Group - with 1 bedroom in Al Alamein by Morshedy Group.,60,1,2,,"5,000,000 EGP"
https://www.nawy.com/compound/48-seashell-sidi-abdel-rahman/property/99823-cabin-for-sale-in-seashell-sidi-abdel-rahman,Resale,https://prod-images.cooingestate.com/processed/property_image/image/539398/high.webp,Sidi Abdel Rahman,"Cabin, Seashell Sidi Abdel Rahman",https://prod-images.cooingestate.com/processed/developer/logo_image/3/medium.webp,Cabin for sale in Seashell Sidi Abdel Rahman - with 1 bedroom in Sidi Abdel Rahman by G Developments.,Cabin for sale in Seashell Sidi Abdel Rahman - with 1 bedroom in Sidi Abdel Rahman by G Developments.,35,1,1,,"12,000,000 EGP"
https://www.nawy.com/compound/305-gaia/property/94798-cabin-for-sale-in-gaia,Resale,https://prod-images.cooingestate.com/processed/property_image/image/479326/high.webp,Ras El Hekma,"Cabin, Gaia",https://prod-images.cooingestate.com/processed/developer/logo_image/191/medium.webp,Cabin for sale in Gaia  - with 1 bedroom in Ras El Hekma by Al Ahly Sabbour Developments.,Cabin for sale in Gaia  - with 1 bedroom in Ras El Hekma by Al Ahly Sabbour Developments.,38,1,1,"159,380 EGP monthly / 6 Years","15,990,000 EGP"
https://www.nawy.com/compound/43-hacienda-bay/property/59425-cabin-for-sale-in-hacienda-bay-north-coast,Resale,https://prod-images.cooingestate.com/processed/property_image/image/295508/high.webp,Sidi Abdel Rahman,"Cabin, Hacienda Bay",https://prod-images.cooingestate.com/processed/developer/logo_image/16/medium.webp,Cabin for sale in Hacienda Bay - with 1 bedroom in Sidi Abdel Rahman by Palm Hills Developments.,Cabin for sale in Hacienda Bay - with 1 bedroom in Sidi Abdel Rahman by Palm Hills Developments.,55,1,1,,"12,000,000 EGP"
https://www.nawy.com/compound/305-gaia/property/111056-cabanas-for-sale-in-gaia,Resale,https://prod-images.cooingestate.com/processed/property_image/image/631459/high.webp,Ras El Hekma,"Cabin, Gaia",https://prod-images.cooingestate.com/processed/developer/logo_image/191/medium.webp,Cabin for sale in Gaia  - with 1 bedroom in Ras El Hekma by Al Ahly Sabbour Developments.,Cabin for sale in Gaia  - with 1 bedroom in Ras El Hekma by Al Ahly Sabbour Developments.,50,1,1,"182,480 EGP monthly / 5 Years","14,000,000 EGP"
https://www.nawy.com/compound/452-d-bay/property/107120-cabin-for-sale-in-d-bay,Resale,https://prod-images.cooingestate.com/processed/property_image/image/594603/high.webp,Al Dabaa,"Cabin, D-Bay",https://prod-images.cooingestate.com/processed/developer/logo_image/33/medium.webp,Cabin for sale in D-Bay  - with 2 bedrooms in Al Dabaa by Tatweer Misr.,Cabin for sale in D-Bay  - with 2 bedrooms in Al Dabaa by Tatweer Misr.,105,2,3,"176,442 EGP monthly / 5 Years","24,500,000 EGP"
https://www.nawy.com/compound/927-salt/property/85132-cabin-for-sale-in-salt,Resale,https://prod-images.cooingestate.com/processed/property_image/image/483532/high.webp,Ras El Hekma,"Cabin, Salt",https://prod-images.cooingestate.com/processed/developer/logo_image/33/medium.webp,Cabin for sale in Salt - with 2 bedrooms in Ras El Hekma by Tatweer Misr.,Cabin for sale in Salt - with 2 bedrooms in Ras El Hekma by Tatweer Misr.,100,2,3,"175,000 EGP monthly / 8 Years","20,507,990 EGP"
https://www.nawy.com/compound/521-hacienda-west/property/95015-Cabin-for-sale-in-Hacienda%20West-with-11-bedrooms-in-Ras%20El%20Hekma-by-Palm%20Hills%20Developments,,https://prod-images.cooingestate.com/processed/inventory/brochure_images/Palm%20Hills%20Developments/haciendawest/hacienda%20west%20cabin%2095-98%20pic%202/high.webp,Ras El Hekma,"Cabin, Hacienda West",https://prod-images.cooingestate.com/processed/developer/logo_image/16/medium.webp,Cabin for sale in Hacienda West - with 2 bedrooms in Ras El Hekma by Palm Hills Developments.,Cabin for sale in Hacienda West - with 2 bedrooms in Ras El Hekma by Palm Hills Developments.,112,2,3,"1,427,574 EGP quarterly / 5 Years","35,689,360 EGP"
https://www.nawy.com/compound/521-hacienda-west/property/95016-Cabin-for-sale-in-Hacienda%20West-with-11-bedrooms-in-Ras%20El%20Hekma-by-Palm%20Hills%20Developments,,https://prod-images.cooingestate.com/processed/inventory/brochure_images/Palm%20Hills%20Developments/haciendawest/hacienda%20west%20cabin%2095-98%20pic/high.webp,Ras El Hekma,"Cabin, Hacienda West",https://prod-images.cooingestate.com/processed/developer/logo_image/16/medium.webp,Cabin for sale in Hacienda West - with 2 bedrooms in Ras El Hekma by Palm Hills Developments.,Cabin for sale in Hacienda West - with 2 bedrooms in Ras El Hekma by Palm Hills Developments.,118,2,3,"1,459,902 EGP quarterly / 5 Years","36,497,540 EGP"
https://www.nawy.com/compound/90-il-monte-galala/property/96554-cabin-for-sale-in-il-monte-galala,Resale,https://prod-images.cooingestate.com/processed/property_image/image/505645/high.webp,Ain Sokhna,"Cabin, Il Monte Galala",https://prod-images.cooingestate.com/processed/developer/logo_image/33/medium.webp,Cabin for sale in Il Monte Galala - with 1 bedroom in Ain Sokhna by Tatweer Misr.,Cabin for sale in Il Monte Galala - with 1 bedroom in Ain Sokhna by Tatweer Misr.,40,1,1,"50,900 EGP monthly / 7 Years","6,349,728 EGP"
https://www.nawy.com/compound/521-hacienda-west/property/95017-Cabin-for-sale-in-Hacienda%20West-with-11-bedrooms-in-Ras%20El%20Hekma-by-Palm%20Hills%20Developments,,https://prod-images.cooingestate.com/processed/inventory/brochure_images/Palm%20Hills%20Developments/haciendawest/hacienda%20west%20cabin%2095-98%20pic/high.webp,Ras El Hekma,"Cabin, Hacienda West",https://prod-images.cooingestate.com/processed/developer/logo_image/16/medium.webp,Cabin for sale in Hacienda West - with 3 bedrooms in Ras El Hekma by Palm Hills Developments.,Cabin for sale in Hacienda West - with 3 bedrooms in Ras El Hekma by Palm Hills Developments.,179,3,4,"2,126,649 EGP quarterly / 5 Years","53,166,220 EGP"
https://www.nawy.com/compound/452-d-bay/property/116192-cabin-for-sale-in-d-bay-with-1-bedrooms-in-al-dabaa-by-tatweer-misr,Resale,https://prod-images.cooingestate.com/processed/inventory/unlockedProperties/116192/105078fa-1c57-4beb-9a5d-a4b6979e72f4/high.webp,Al Dabaa,"Cabin, D-Bay",https://prod-images.cooingestate.com/processed/developer/logo_image/33/medium.webp,Cabin for sale in D-Bay  - with 1 bedroom in Al Dabaa by Tatweer Misr.,Cabin for sale in D-Bay  - with 1 bedroom in Al Dabaa by Tatweer Misr.,40,1,1,"13,748 EGP monthly / 5 Years","8,143,855 EGP"
https://www.nawy.com/compound/43-hacienda-bay/property/65023-cabin-for-sale-in-hacienda-bay,Resale,https://prod-images.cooingestate.com/processed/property_image/image/329224/high.webp,Sidi Abdel Rahman,"Cabin, Hacienda Bay",https://prod-images.cooingestate.com/processed/developer/logo_image/16/medium.webp,Cabin for sale in Hacienda Bay - with 1 bedroom in Sidi Abdel Rahman by Palm Hills Developments.,Cabin for sale in Hacienda Bay - with 1 bedroom in Sidi Abdel Rahman by Palm Hills Developments.,60,1,1,,"13,000,000 EGP"
https://www.nawy.com/compound/452-d-bay/property/63982-cabin-for-sale-in-d-bay,Resale,https://prod-images.cooingestate.com/processed/property_image/image/323025/high.webp,Al Dabaa,"Cabin, D-Bay",https://prod-images.cooingestate.com/processed/developer/logo_image/33/medium.webp,Cabin for sale in D-Bay  - with 1 bedroom in Al Dabaa by Tatweer Misr.,Cabin for sale in D-Bay  - with 1 bedroom in Al Dabaa by Tatweer Misr.,40,1,1,,"10,895,000 EGP"
https://www.nawy.com/compound/314-downtown-new-alamein/property/61176-cabin-for-sale-in-down-town-alamin,Resale,https://prod-images.cooingestate.com/processed/property_image/image/305948/high.webp,Al Alamein,"Cabin, Downtown New Alamein",https://prod-images.cooingestate.com/processed/developer/logo_image/74/medium.webp,Cabin for sale in Downtown New Alamein - with 1 bedroom in Al Alamein by City Edge Developments.,Cabin for sale in Downtown New Alamein - with 1 bedroom in Al Alamein by City Edge Developments.,106,1,1,,"12,000,000 EGP"
https://www.nawy.com/compound/452-d-bay/property/98322-cabin-for-sale-in-d-bay,Resale,https://prod-images.cooingestate.com/processed/property_image/image/527674/high.webp,Al Dabaa,"Cabin, D-Bay",https://prod-images.cooingestate.com/processed/developer/logo_image/33/medium.webp,Cabin for sale in D-Bay  - with 1 bedroom in Al Dabaa by Tatweer Misr.,Cabin for sale in D-Bay  - with 1 bedroom in Al Dabaa by Tatweer Misr.,45,1,1,"28,020 EGP Monthly / 3 Years","15,000,000 EGP"
https://www.nawy.com/compound/43-hacienda-bay/property/75916-cabin-for-sale-in-hacienda-bay,Resale,https://prod-images.cooingestate.com/processed/property_image/image/379905/high.webp,Sidi Abdel Rahman,"Cabin, Hacienda Bay",https://prod-images.cooingestate.com/processed/developer/logo_image/16/medium.webp,Cabin for sale in Hacienda Bay - with 1 bedroom in Sidi Abdel Rahman by Palm Hills Developments.,Cabin for sale in Hacienda Bay - with 1 bedroom in Sidi Abdel Rahman by Palm Hills Developments.,50,1,1,,"9,300,000 EGP"
https://www.nawy.com/compound/1261-hacienda-waters/property/92937-Cabin-for-sale-in-Hacienda%20Waters%20-with-11-bedrooms-in-Ras%20El%20Hekma-by-Palm%20Hills%20Developments,,https://prod-images.cooingestate.com/processed/inventory/brochure_images/Palm%20Hills%20Developments/haciendawaters/Hacienda%20Waters%20223/high.webp,Ras El Hekma,"Cabin, Hacienda Waters",https://prod-images.cooingestate.com/processed/developer/logo_image/16/medium.webp,Cabin for sale in Hacienda Waters  - with in Ras El Hekma by Palm Hills Developments.,Cabin for sale in Hacienda Waters  - with in Ras El Hekma by Palm Hills Developments.,46,,1,"Starting From 147,052 EGP monthly / 12 Years","22,290,000 EGP"
https://www.nawy.com/compound/929-solare/property/114348-cabin-for-sale-in-solare-with-1-bedrooms-in-ras-el-hekma-by-misr-italia-properties,Resale,https://prod-images.cooingestate.com/processed/inventory/unlockedProperties/114348/f867adfb-a505-4cb6-b07e-7404ce408033/high.webp,Ras El Hekma,"Cabin, Solare",https://prod-images.cooingestate.com/processed/developer/logo_image/55/medium.webp,Cabin for sale in Solare - with 1 bedroom in Ras El Hekma by Misr Italia Properties.,Cabin for sale in Solare - with 1 bedroom in Ras El Hekma by Misr Italia Properties.,45,1,1,"510,348 EGP quarterly / 4.2 Years","12,702,000 EGP"
https://www.nawy.com/compound/521-hacienda-west/property/69584-cabin-for-sale-in-hacienda-west-with-1-bedrooms-in-ras-el-hekma-by-palm-hills-developments,Resale,https://prod-images.cooingestate.com/processed/inventory/unlockedProperties/69584/e1f228c1-472c-43be-9a4b-9fa57fce06b0/high.webp,Ras El Hekma,"Cabin, Hacienda West",https://prod-images.cooingestate.com/processed/developer/logo_image/16/medium.webp,Cabin for sale in Hacienda West - with 1 bedroom in Ras El Hekma by Palm Hills Developments.,Cabin for sale in Hacienda West - with 1 bedroom in Ras El Hekma by Palm Hills Developments.,113,1,1,"138,889 EGP quarterly / 1.8 Years","9,000,000 EGP"
https://www.nawy.com/compound/90-il-monte-galala/property/63371-cabin-for-sale-in-ll-monte-el-glala-ain-el-sokhna,Resale,https://prod-images.cooingestate.com/processed/property_image/image/319384/high.webp,Ain Sokhna,"Cabin, Il Monte Galala",https://prod-images.cooingestate.com/processed/developer/logo_image/33/medium.webp,Cabin for sale in Il Monte Galala - with 1 bedroom in Ain Sokhna by Tatweer Misr.,Cabin for sale in Il Monte Galala - with 1 bedroom in Ain Sokhna by Tatweer Misr.,40,1,1,,"5,418,240 EGP"
https://www.nawy.com/compound/521-hacienda-west/property/74698-cabin-for-sale-in-hacienda-west,Resale,https://prod-images.cooingestate.com/processed/property_image/image/373943/high.webp,Ras El Hekma,"Cabin, Hacienda West",https://prod-images.cooingestate.com/processed/developer/logo_image/16/medium.webp,Cabin for sale in Hacienda West - with 1 bedroom in Ras El Hekma by Palm Hills Developments.,Cabin for sale in Hacienda West - with 1 bedroom in Ras El Hekma by Palm Hills Developments.,45,1,1,"166,670 EGP monthly / 2 Years","12,000,000 EGP"
https://www.nawy.com/compound/43-hacienda-bay/property/85323-chalet-for-sale-in-hacienda-bay,Resale,https://prod-images.cooingestate.com/processed/property_image/image/427915/high.webp,Sidi Abdel Rahman,"Cabin, Hacienda Bay",https://prod-images.cooingestate.com/processed/developer/logo_image/16/medium.webp,Cabin for sale in Hacienda Bay - with 3 bedrooms in Sidi Abdel Rahman by Palm Hills Developments.,Cabin for sale in Hacienda Bay - with 3 bedrooms in Sidi Abdel Rahman by Palm Hills Developments.,90,3,3,,"25,000,000 EGP"
https://www.nawy.com/compound/521-hacienda-west/property/74699-cabin-for-sale-in-hacienda-west,Resale,https://prod-images.cooingestate.com/processed/property_image/image/373948/high.webp,Ras El Hekma,"Cabin, Hacienda West",https://prod-images.cooingestate.com/processed/developer/logo_image/16/medium.webp,Cabin for sale in Hacienda West - with 1 bedroom in Ras El Hekma by Palm Hills Developments.,Cabin for sale in Hacienda West - with 1 bedroom in Ras El Hekma by Palm Hills Developments.,45,1,1,"166,670 EGP monthly / 2 Years","12,000,000 EGP"
https://www.nawy.com/compound/521-hacienda-west/property/74702-cabin-for-sale-in-hacienda-west,Resale,https://prod-images.cooingestate.com/processed/property_image/image/373968/high.webp,Ras El Hekma,"Cabin, Hacienda West",https://prod-images.cooingestate.com/processed/developer/logo_image/16/medium.webp,Cabin for sale in Hacienda West - with 1 bedroom in Ras El Hekma by Palm Hills Developments.,Cabin for sale in Hacienda West - with 1 bedroom in Ras El Hekma by Palm Hills Developments.,45,1,1,"166,670 EGP monthly / 2 Years","12,000,000 EGP"
https://www.nawy.com/compound/521-hacienda-west/property/74704-cabin-for-sale-in-hacienda-west,Resale,https://prod-images.cooingestate.com/processed/property_image/image/373979/high.webp,Ras El Hekma,"Cabin, Hacienda West",https://prod-images.cooingestate.com/processed/developer/logo_image/16/medium.webp,Cabin for sale in Hacienda West - with 1 bedroom in Ras El Hekma by Palm Hills Developments.,Cabin for sale in Hacienda West - with 1 bedroom in Ras El Hekma by Palm Hills Developments.,45,1,1,"166,670 EGP monthly / 2 Years","12,000,000 EGP"
https://www.nawy.com/compound/521-hacienda-west/property/84532-cabin-for-sale-in-hacienda-west,Resale,https://prod-images.cooingestate.com/processed/property_image/image/423891/high.webp,Ras El Hekma,"Cabin, Hacienda West",https://prod-images.cooingestate.com/processed/developer/logo_image/16/medium.webp,Cabin for sale in Hacienda West - with 1 bedroom in Ras El Hekma by Palm Hills Developments.,Cabin for sale in Hacienda West - with 1 bedroom in Ras El Hekma by Palm Hills Developments.,45,1,1,"107,490 EGP monthly / 2 Years","11,987,159 EGP"
https://www.nawy.com/compound/521-hacienda-west/property/91455-cabin-for-sale-in-hacienda-west,Resale,https://prod-images.cooingestate.com/processed/property_image/image/466400/high.webp,Ras El Hekma,"Cabin, Hacienda West",https://prod-images.cooingestate.com/processed/developer/logo_image/16/medium.webp,Cabin for sale in Hacienda West - with 1 bedroom in Ras El Hekma by Palm Hills Developments.,Cabin for sale in Hacienda West - with 1 bedroom in Ras El Hekma by Palm Hills Developments.,45,1,1,"46,210 EGP monthly / 1 Years","10,629,444 EGP"
https://www.nawy.com/compound/927-salt/property/116658-cabin-for-sale-in-salt-with-1-bedrooms-in-ras-el-hekma-by-tatweer-misr,Resale,https://prod-images.cooingestate.com/processed/inventory/unlockedProperties/116658/ad6f6a7a-c652-4cd4-ab1f-0e2e84bb2f90/high.webp,Ras El Hekma,"Cabin, Salt",https://prod-images.cooingestate.com/processed/developer/logo_image/33/medium.webp,Cabin for sale in Salt - with 1 bedroom in Ras El Hekma by Tatweer Misr.,Cabin for sale in Salt - with 1 bedroom in Ras El Hekma by Tatweer Misr.,65,1,2,"249,230 EGP quarterly / 8.6 Years","11,923,495 EGP"
https://www.nawy.com/compound/1261-hacienda-waters/property/85234-cabin-for-sale-in-hacienda-waters,Resale,https://prod-images.cooingestate.com/processed/property_image/image/427450/high.webp,Ras El Hekma,"Cabin, Hacienda Waters",https://prod-images.cooingestate.com/processed/developer/logo_image/16/medium.webp,Cabin for sale in Hacienda Waters  - with 2 bedrooms in Ras El Hekma by Palm Hills Developments.,Cabin for sale in Hacienda Waters  - with 2 bedrooms in Ras El Hekma by Palm Hills Developments.,84,2,2,"319,640 EGP monthly / 7 Years","33,722,500 EGP"
https://www.nawy.com/compound/1261-hacienda-waters/property/85285-cabin-for-sale-in-hacienda-waters-with-2-bedrooms-in-ras-el-hekma-by-palm-hills-developments,Resale,https://prod-images.cooingestate.com/processed/inventory/unlockedProperties/85285/f28626f5-0eff-4130-a447-160d2f42bf1a/high.webp,Ras El Hekma,"Cabin, Hacienda Waters",https://prod-images.cooingestate.com/processed/developer/logo_image/16/medium.webp,Cabin for sale in Hacienda Waters  - with 2 bedrooms in Ras El Hekma by Palm Hills Developments.,Cabin for sale in Hacienda Waters  - with 2 bedrooms in Ras El Hekma by Palm Hills Developments.,84,2,3,"1,075,968 EGP quarterly / 6.2 Years","32,000,000 EGP"
https://www.nawy.com/compound/43-hacienda-bay/property/93045-cabin-for-sale-in-hacienda-bay,Resale,https://prod-images.cooingestate.com/processed/property_image/image/471210/high.webp,Sidi Abdel Rahman,"Cabin, Hacienda Bay",https://prod-images.cooingestate.com/processed/developer/logo_image/16/medium.webp,Cabin for sale in Hacienda Bay - with 1 bedroom in Sidi Abdel Rahman by Palm Hills Developments.,Cabin for sale in Hacienda Bay - with 1 bedroom in Sidi Abdel Rahman by Palm Hills Developments.,50,1,1,,"15,750,000 EGP"
https://www.nawy.com/compound/1261-hacienda-waters/property/85287-cabin-for-sale-in-hacienda-waters-with-2-bedrooms-in-ras-el-hekma-by-palm-hills-developments,Resale,https://prod-images.cooingestate.com/processed/inventory/unlockedProperties/85287/faea7ef7-b3ef-492f-be9a-bb51a6ad9dd0/high.webp,Ras El Hekma,"Cabin, Hacienda Waters",https://prod-images.cooingestate.com/processed/developer/logo_image/16/medium.webp,Cabin for sale in Hacienda Waters  - with 2 bedrooms in Ras El Hekma by Palm Hills Developments.,Cabin for sale in Hacienda Waters  - with 2 bedrooms in Ras El Hekma by Palm Hills Developments.,84,2,3,"1,192,016 EGP quarterly / 6.2 Years","35,000,000 EGP"
https://www.nawy.com/compound/43-hacienda-bay/property/95482-cabin-for-sale-in-hacienda-bay,Resale,https://prod-images.cooingestate.com/processed/property_image/image/485552/high.webp,Sidi Abdel Rahman,"Cabin, Hacienda Bay",https://prod-images.cooingestate.com/processed/developer/logo_image/16/medium.webp,Cabin for sale in Hacienda Bay - with 1 bedroom in Sidi Abdel Rahman by Palm Hills Developments.,Cabin for sale in Hacienda Bay - with 1 bedroom in Sidi Abdel Rahman by Palm Hills Developments.,56,1,1,,"14,000,000 EGP"
