url_path,tag,cover_image,location,property_name,developer_logo,title,description,m2,payment_plan,price,Beds,Baths
https://www.nawy.com/compound/1519-campus-district-5/property/117619-Office-for-sale-in-Campus%20District%205-with-8-bedrooms-in-South%20New%20Cairo-by-Marakez,,https://prod-images.cooingestate.com/processed/inventory/brochure_images/Marakez/campusdistrict5/high%203/high.webp,South New Cairo,"Office, Campus District 5",https://prod-images.cooingestate.com/processed/developer/logo_image/65/medium.webp,An office in Campus District 5 by Marakez. The office size is 330 m2.,An office in Campus District 5 by Marakez. The office size is 330 m2.,330,"2,616,938 EGP quarterly / 7 Years","86,205,000 EGP",,
https://www.nawy.com/compound/658-golden-gate/property/117594-office-for-sale-in-golden-gate-in-el-lotus-by-redcon-for-offices-and-commercial-centers,Resale,https://prod-images.cooingestate.com/processed/inventory/unlockedProperties/117594/63fcaa80-fcb0-4598-aef6-ee6f3a5e2707/high.webp,El Lotus,"Office, Golden Gate",https://prod-images.cooingestate.com/processed/developer/logo_image/196/medium.webp,An office in Golden Gate by Redcon for Offices and Commercial Centers. The office size is 68 m2.,An office in Golden Gate by Redcon for Offices and Commercial Centers. The office size is 68 m2.,68,"592,956 EGP quarterly / 3.8 Years","17,712,938 EGP",,
https://www.nawy.com/compound/1979-everyday%20-%20THE%20MORNINGS/property/117557-Office-for-sale-in-everyday%20-%20THE%20MORNINGS-with-8-bedrooms-in-New%20Cairo-by-Al%20Ahly%20Sabbour%20Developments,,https://prod-images.cooingestate.com/processed/inventory/brochure_images/Al%20Ahly%20Sabbour%20Developments/everydaythemornings/Screenshot%202026-03-04%20122549/high.webp,New Cairo,"Office, everyday - THE MORNINGS",https://prod-images.cooingestate.com/processed/developer/logo_image/191/medium.webp,An office in everyday - THE MORNINGS by Al Ahly Sabbour Developments. The office size is 55 m2.,An office in everyday - THE MORNINGS by Al Ahly Sabbour Developments. The office size is 55 m2.,55,"383,220 EGP quarterly / 5 Years","8,516,000 EGP",,
https://www.nawy.com/compound/747-88-hub-mall/property/60644-office-for-sale-in-88-hub-mall-new-capital,Resale,https://prod-images.cooingestate.com/processed/property_image/image/302984/high.webp,New Capital City,"Office, 88 Hub Mall",https://prod-images.cooingestate.com/processed/developer/logo_image/218/medium.webp,An office in 88 Hub Mall  by Town Writers. The office size is 42 m2.,An office in 88 Hub Mall  by Town Writers. The office size is 42 m2.,42,"7,973 EGP monthly / 14 Years","3,339,404 EGP",,
https://www.nawy.com/compound/896-paragon-3/property/106380-office-for-sale-in-paragon-3-in-new-capital-city-by-paragon-development,,https://prod-images.cooingestate.com/processed/property_image/image/587126/high.webp,New Capital City,"Office, Paragon 3",https://prod-images.cooingestate.com/processed/developer/logo_image/302/medium.webp,An office in Paragon 3 by Paragon Development. The office size is 86 m2.,An office in Paragon 3 by Paragon Development. The office size is 86 m2.,86,"153,356 EGP monthly / 8 Years","15,497,000 EGP",,
https://www.nawy.com/compound/1252-code/property/87915-Office-for-sale-in-Code-with-8-bedrooms-in-New%20Capital%20City-by-Jadeer%20Realestate,,https://prod-images.cooingestate.com/processed/inventory/brochure_images/Jadeer%20Realestate/code/Mobile_brochure-1_015%204/high.webp,New Capital City,"Office, Code",https://prod-images.cooingestate.com/processed/developer/logo_image/356/medium.webp,An office in Code by Jadeer Realestate. The office size is 85 m2.,An office in Code by Jadeer Realestate. The office size is 85 m2.,85,"162,563 EGP quarterly / 10 Years","7,650,000 EGP",,
https://www.nawy.com/compound/326-mindhaus-new-katameya/property/95907-Office-for-sale-in-Mindhaus%20New%20Katameya-with-8-bedrooms-in-South%20New%20Cairo-by-Marakez,,https://prod-images.cooingestate.com/processed/inventory/brochure_images/Marakez/mindhausnewkatameya/mind5/high.webp,South New Cairo,"Office, Mindhaus New Katameya",https://prod-images.cooingestate.com/processed/developer/logo_image/65/medium.webp,An office in Mindhaus New Katameya by Marakez. The office size is 75 m2.,An office in Mindhaus New Katameya by Marakez. The office size is 75 m2.,75,"670,920 EGP quarterly / 5 Years","16,773,000 EGP",,
https://www.nawy.com/compound/636-eastmain-new-cairo/property/63815-office-for-sale-in-eastmain-new-cairo,Resale,https://prod-images.cooingestate.com/processed/property_image/image/322047/high.webp,El Lotus,"Office, Eastmain New Cairo",https://prod-images.cooingestate.com/processed/developer/logo_image/188/medium.webp,An office in Eastmain New Cairo by Mobco Group. The office size is 86 m2.,An office in Eastmain New Cairo by Mobco Group. The office size is 86 m2.,86,"32,330 EGP monthly / 5 Years","8,170,000 EGP",,
https://www.nawy.com/compound/1425-the-quad/property/73431-office-for-sale-in-the-quad-in-el-sheikh-zayed-by-arkan-palm-development,,https://prod-images.cooingestate.com/processed/property_image/image/586583/high.webp,El Sheikh Zayed,"Office, The Quad",https://prod-images.cooingestate.com/processed/developer/logo_image/174/medium.webp,An office in The Quad by Arkan Palm Development. The office size is 234 m2.,An office in The Quad by Arkan Palm Development. The office size is 234 m2.,234,"1,690,043 EGP quarterly / 6 Years","45,067,820 EGP",,
https://www.nawy.com/compound/503-31n-commercial-tower/property/77331-office-for-sale-in-31n-commercial-tower,Resale,https://prod-images.cooingestate.com/processed/property_image/image/386714/high.webp,New Capital City,"Office, 31N Commercial Tower",https://prod-images.cooingestate.com/processed/developer/logo_image/129/medium.webp,An office in 31N Commercial Tower by Nile Developments. The office size is 35 m2.,An office in 31N Commercial Tower by Nile Developments. The office size is 35 m2.,35,"49,130 EGP monthly / 5 Years","4,500,000 EGP",,
https://www.nawy.com/compound/27-the-polygon/property/75700-Office-for-sale-in-The%20Polygon%20-with-8-bedrooms-in-El%20Sheikh%20Zayed-by-SODIC,,https://prod-images.cooingestate.com/processed/inventory/brochure_images/SODIC/thepolygon/Screenshot_1/high.webp,El Sheikh Zayed,"Office, The Polygon",https://prod-images.cooingestate.com/processed/developer/logo_image/8/medium.webp,An office in The Polygon  by SODIC. The office size is 140 m2.,An office in The Polygon  by SODIC. The office size is 140 m2.,140,"1,270,333 EGP quarterly / 6 Years","38,110,000 EGP",,
https://www.nawy.com/compound/2012-Cairo%20Business%20Plaza%20New%20Cairo/property/113624-office-for-sale-in-cairo-business-plaza-new-cairo-in-new-cairo-by-better-home,Resale,https://prod-images.cooingestate.com/processed/inventory/unlockedProperties/113624/3081a4ca-9032-4788-a676-f5fcf72393ad/high.webp,New Cairo,"Office, Cairo Business Plaza New Cairo",https://prod-images.cooingestate.com/processed/developer/logo_image/122/medium.webp,An office in Cairo Business Plaza New Cairo by Better Home. The office size is 45 m2.,An office in Cairo Business Plaza New Cairo by Better Home. The office size is 45 m2.,45,,"7,250,000 EGP",,
https://www.nawy.com/compound/378-the-waterway-villas/property/111383-Office-for-sale-in-The%20Waterway%20Villas-with-8-bedrooms-in-North%20Investors-by-The%20Waterway%20Developments,,https://prod-images.cooingestate.com/processed/inventory/brochure_images//thewaterwayvillas/default1/high.webp,North Investors,"Office, The Waterway Villas",https://prod-images.cooingestate.com/processed/developer/logo_image/64/medium.webp,An office in The Waterway Villas by The Waterway Developments. The office size is 284 m2.,An office in The Waterway Villas by The Waterway Developments. The office size is 284 m2.,284,"1,913,450 EGP quarterly / 6 Years","65,604,000 EGP",,
https://www.nawy.com/compound/1739-pixel-labs/property/97702-office-for-sale-in-pixel-labs,Resale,https://prod-images.cooingestate.com/processed/property_image/image/521504/high.webp,6th of October City,"Office, Pixel Labs",https://prod-images.cooingestate.com/processed/developer/logo_image/3/medium.webp,An office in Pixel Labs by G Developments. The office size is 170 m2.,An office in Pixel Labs by G Developments. The office size is 170 m2.,170,"149,800 EGP monthly / 6 Years","34,578,000 EGP",,
https://www.nawy.com/compound/701-maspero-business-tower/property/67573-office-for-sale-in-maspero-business-tower,Resale,https://prod-images.cooingestate.com/processed/property_image/image/344737/high.webp,Downtown Cairo,"Office, Maspero Business Tower",https://prod-images.cooingestate.com/processed/developer/logo_image/74/medium.webp,An office in Maspero Business Tower by City Edge Developments. The office size is 120 m2.,An office in Maspero Business Tower by City Edge Developments. The office size is 120 m2.,120,"64,670 EGP monthly / 6 Years","9,800,000 EGP",,
https://www.nawy.com/compound/47-the-square/property/64383-office-for-sale-in-the-square,Resale,https://prod-images.cooingestate.com/processed/property_image/image/325239/high.webp,New Cairo,"Office, The Square",https://prod-images.cooingestate.com/processed/developer/logo_image/191/medium.webp,An office in The Square by Al Ahly Sabbour Developments. The office size is 34 m2.,An office in The Square by Al Ahly Sabbour Developments. The office size is 34 m2.,34,"26,720 EGP monthly / 6 Years","3,363,000 EGP",,
https://www.nawy.com/compound/843-radium/property/109373-office-for-sale-in-radium-mall,Resale,https://prod-images.cooingestate.com/processed/property_image/image/614566/high.webp,New Cairo,"Office, Radium",https://prod-images.cooingestate.com/processed/developer/logo_image/257/medium.webp,An office in Radium by Make Place Developments. The office size is 54 m2.,An office in Radium by Make Place Developments. The office size is 54 m2.,54,"83,970 EGP monthly / 10 Years","8,994,504 EGP",,
https://www.nawy.com/compound/344-one-ninety/property/66329-office-for-sale-in-one-ninety,Resale,https://prod-images.cooingestate.com/processed/property_image/image/338123/high.webp,New Cairo,"Office, One - Ninety",https://prod-images.cooingestate.com/processed/developer/logo_image/72/medium.webp,An office in One - Ninety by LMD. The office size is 124 m2.,An office in One - Ninety by LMD. The office size is 124 m2.,124,"198,200 EGP monthly / 7 Years","29,492,000 EGP",,
https://www.nawy.com/compound/638-westown-the-portal/property/75698-Office-for-sale-in-Westown%20The%20Portal-with-8-bedrooms-in-El%20Sheikh%20Zayed-by-SODIC,,https://prod-images.cooingestate.com/processed/inventory/brochure_images/SODIC/westowntheportal/Screenshot_2__15_/high.webp,El Sheikh Zayed,"Office, Westown The Portal",https://prod-images.cooingestate.com/processed/developer/logo_image/8/medium.webp,An office in Westown The Portal by SODIC. The office size is 262 m2.,An office in Westown The Portal by SODIC. The office size is 262 m2.,262,"3,083,720 EGP quarterly / 5 Years","77,093,000 EGP",,
https://www.nawy.com/compound/1306-coflow/property/104369-Office-for-sale-in-Coflow%20-with-8-bedrooms-in-Mostakbal%20City-by-Tatweer%20Misr,,https://prod-images.cooingestate.com/processed/inventory/brochure_images/Tatweer%20Misr/coflow/Coflow_SalesKit_2_1__Page_29_Image_0001/high.webp,Mostakbal City,"Office, Coflow",https://prod-images.cooingestate.com/processed/developer/logo_image/33/medium.webp,An office in Coflow  by Tatweer Misr. The office size is 65 m2.,An office in Coflow  by Tatweer Misr. The office size is 65 m2.,65,"178,933 EGP quarterly / 10 Years","7,534,000 EGP",,
https://www.nawy.com/compound/1592-red-g-garnet/property/96317-Office-for-sale-in-Red%20(G)%20-%20Garnet-with-8-bedrooms-in-New%20Cairo-by-Jadeer%20Realestate,,https://prod-images.cooingestate.com/processed/inventory/brochure_images/Jadeer%20Realestate/redggarnet/Screenshot_2025-06-02_143454%202/high.webp,New Cairo,"Office, Red (G) - Garnet",https://prod-images.cooingestate.com/processed/developer/logo_image/356/medium.webp,An office in Red (G) - Garnet by Jadeer Realestate. The office size is 45 m2.,An office in Red (G) - Garnet by Jadeer Realestate. The office size is 45 m2.,45,"175,500 EGP quarterly / 9 Years","7,020,000 EGP",,
https://www.nawy.com/compound/489-regency-business-tower/property/113554-office-for-sale-in-regency-business-tower-in-new-capital-city-by-regency-urban-developments,Resale,https://prod-images.cooingestate.com/processed/inventory/unlockedProperties/113554/895521ef-197d-4b54-bc87-290ef562ef13/high.webp,New Capital City,"Office, Regency Business Tower",https://prod-images.cooingestate.com/processed/developer/logo_image/139/medium.webp,An office in Regency Business Tower by Regency Urban Developments. The office size is 38 m2.,An office in Regency Business Tower by Regency Urban Developments. The office size is 38 m2.,38,"27,885 EGP quarterly / 7.8 Years","1,470,000 EGP",,
https://www.nawy.com/compound/705-crown-central/property/101845-retail-for-sale-in-crown-central,Resale,https://prod-images.cooingestate.com/processed/property_image/image/552240/high.webp,6th of October City,"Office, Crown Central",https://prod-images.cooingestate.com/processed/developer/logo_image/16/medium.webp,An office in Crown Central by Palm Hills Developments. The office size is 130 m2.,An office in Crown Central by Palm Hills Developments. The office size is 130 m2.,130,"192,150 EGP monthly / 6 Years","20,451,199 EGP",,
https://www.nawy.com/compound/746-central-new-cairo/property/95701-office-for-sale-in-central-new-cairo-with-1-bedrooms-in-new-cairo-by-saudi-egyptian-developers-(sed),Resale,https://prod-images.cooingestate.com/processed/inventory/unlockedProperties/95701/795bced8-9e13-4931-98fc-17ce043acc4d/high.webp,New Cairo,"Office, Central New Cairo",https://prod-images.cooingestate.com/processed/developer/logo_image/87/medium.webp,An office in Central New Cairo by Saudi Egyptian Developers (SED). The office size is 83 m2.,An office in Central New Cairo by Saudi Egyptian Developers (SED). The office size is 83 m2.,83,"341,400 EGP quarterly / 6 Years","14,110,000 EGP",1,1
https://www.nawy.com/compound/497-paris-mall/property/82672-office-for-sale-in-paris-mall,Resale,https://prod-images.cooingestate.com/processed/property_image/image/642192/high.webp,New Capital City,"Office, Paris Mall",https://prod-images.cooingestate.com/processed/developer/logo_image/113/medium.webp,An office in Paris Mall by Pyramids Developments. The office size is 26 m2.,An office in Paris Mall by Pyramids Developments. The office size is 26 m2.,26,,"4,000,000 EGP",,
https://www.nawy.com/compound/548-4t4/property/78249-office-for-sale-in-4t4,Resale,https://prod-images.cooingestate.com/processed/property_image/image/391602/high.webp,New Capital City,"Office, 4T4",https://prod-images.cooingestate.com/processed/developer/logo_image/150/medium.webp,An office in 4T4  by VAI Developments. The office size is 25 m2.,An office in 4T4  by VAI Developments. The office size is 25 m2.,25,,"3,100,000 EGP",,
https://www.nawy.com/compound/813-205-downtown/property/67034-office-for-sale-in-205-downtown-in-el-sheikh-zayed-by-arkan-palm-development,,https://prod-images.cooingestate.com/processed/inventory/brochure_images/Arkan%20Palm%20Development/205downtown/1/high.webp,El Sheikh Zayed,"Office, 205 DownTown",https://prod-images.cooingestate.com/processed/developer/logo_image/174/medium.webp,An office in 205 DownTown by Arkan Palm Development. The office size is 206 m2.,An office in 205 DownTown by Arkan Palm Development. The office size is 206 m2.,206,"1,851,585 EGP quarterly / 6 Years","52,280,040 EGP",,
https://www.nawy.com/compound/471-podia-tower/property/4357-podia-tower-office,,https://prod-images.cooingestate.com/processed/property_image/image/200028/high.webp,New Capital City,"Office, Podia Tower",https://prod-images.cooingestate.com/processed/developer/logo_image/131/medium.webp,An office in Podia Tower by Menassat Developments. The office size is 68 m2.,An office in Podia Tower by Menassat Developments. The office size is 68 m2.,68,"397,800 EGP quarterly / 8 Years","14,144,000 EGP",,
https://www.nawy.com/compound/311-o-west-business-district/property/81283-office-for-sale-in-o-west-business-district,Resale,https://prod-images.cooingestate.com/processed/property_image/image/408381/high.webp,October Gardens,"Office, O West Business District",https://prod-images.cooingestate.com/processed/developer/logo_image/35/medium.webp,An office in O West Business District by Orascom Development Egypt. The office size is 835 m2.,An office in O West Business District by Orascom Development Egypt. The office size is 835 m2.,835,,"77,634,403 EGP",,
https://www.nawy.com/compound/1013-mamsha-almaqsad/property/73247-office-for-sale-in-mamsha-almaqsad,Resale,https://prod-images.cooingestate.com/processed/property_image/image/368090/high.webp,New Capital City,"Office, Mamsha Almaqsad",https://prod-images.cooingestate.com/processed/developer/logo_image/74/medium.webp,An office in Mamsha Almaqsad by City Edge Developments. The office size is 151 m2.,An office in Mamsha Almaqsad by City Edge Developments. The office size is 151 m2.,151,"86,629 EGP monthly / 5 Years","6,677,966 EGP",1,
https://www.nawy.com/compound/1251-obex/property/88042-Office-for-sale-in-Obex-with-8-bedrooms-in-New%20Capital%20City-by-Jadeer%20Realestate,,https://prod-images.cooingestate.com/processed/inventory/brochure_images/Jadeer%20Realestate/obex/page_8_img_0/high.webp,New Capital City,"Office, Obex",https://prod-images.cooingestate.com/processed/developer/logo_image/356/medium.webp,An office in Obex by Jadeer Realestate. The office size is 134 m2.,An office in Obex by Jadeer Realestate. The office size is 134 m2.,134,"1,145,700 EGP quarterly / 5 Years","25,460,000 EGP",,
https://www.nawy.com/compound/337-heartwork/property/66530-office-for-sale-in-mountain-view-hyde-park,Resale,https://prod-images.cooingestate.com/processed/property_image/image/405502/high.webp,New Cairo,"Office, HeartWork",https://prod-images.cooingestate.com/processed/developer/logo_image/6/medium.webp,An office in HeartWork by Mountain View. The office size is 85 m2.,An office in HeartWork by Mountain View. The office size is 85 m2.,85,"33,040 EGP monthly / 6 Years","7,900,000 EGP",,
https://www.nawy.com/compound/1141-e-tower/property/68635-office-for-sale-in-e-tower-with-1-bedrooms-in-new-capital-city-by-united-development-group,Resale,https://prod-images.cooingestate.com/processed/inventory/unlockedProperties/68635/756bb8e3-0787-41c0-af87-20071fd678e6/high.webp,New Capital City,"Office, E Tower",https://prod-images.cooingestate.com/processed/developer/logo_image/365/medium.webp,An office in E Tower by United Development Group. The office size is 48 m2.,An office in E Tower by United Development Group. The office size is 48 m2.,48,"113,088 EGP quarterly / 5.1 Years","3,679,750 EGP",1,1
https://www.nawy.com/compound/751-the-ark/property/100171-office-for-sale-in-the-ark,Resale,https://prod-images.cooingestate.com/processed/property_image/image/542268/high.webp,New Cairo,"Office, The Ark",https://prod-images.cooingestate.com/processed/developer/logo_image/219/medium.webp,An office in The Ark  by The Ark Development. The office size is 90 m2.,An office in The Ark  by The Ark Development. The office size is 90 m2.,90,"213,430 EGP monthly / 6 Years","21,171,576 EGP",,
https://www.nawy.com/compound/1069-t.hub/property/84151-office-for-sale-in-thub,Resale,https://prod-images.cooingestate.com/processed/property_image/image/422102/high.webp,New Cairo,"Office, T.Hub",https://prod-images.cooingestate.com/processed/developer/logo_image/200/medium.webp,An office in T.Hub by Times Developments. The office size is 48 m2.,An office in T.Hub by Times Developments. The office size is 48 m2.,48,"41,380 EGP monthly / 5 Years","8,115,456 EGP",,
https://www.nawy.com/compound/1071-pulse/property/85125-office-for-sale-in-pulse-in-new-cairo-by-melee-development,Resale,https://prod-images.cooingestate.com/processed/inventory/unlockedProperties/85125/60b4799e-fa41-44aa-a90a-5ec8e37252c8/high.webp,New Cairo,"Office, Pulse",https://prod-images.cooingestate.com/processed/developer/logo_image/342/medium.webp,An office in Pulse by Melee Development. The office size is 34 m2.,An office in Pulse by Melee Development. The office size is 34 m2.,34,"93,158 EGP quarterly / 3.8 Years","3,716,000 EGP",,
https://www.nawy.com/compound/601-pavo-tower/property/64511-office-for-sale-in-pavo-tower,Resale,https://prod-images.cooingestate.com/processed/property_image/image/326196/high.webp,New Capital City,"Office, Pavo Tower",https://prod-images.cooingestate.com/processed/developer/logo_image/168/medium.webp,An office in Pavo Tower by Mercon Developments. The office size is 28 m2.,An office in Pavo Tower by Mercon Developments. The office size is 28 m2.,28,"5,833 EGP monthly / 4 Years","1,300,000 EGP",,
https://www.nawy.com/compound/1214-the-gray/property/80031-office-for-sale-in-the-gray,Resale,https://prod-images.cooingestate.com/processed/property_image/image/401731/high.webp,New Cairo,"Office, The Gray",https://prod-images.cooingestate.com/processed/developer/logo_image/250/medium.webp,An office in The Gray  by Housing and Development Properties HDP. The office size is 41 m2.,An office in The Gray  by Housing and Development Properties HDP. The office size is 41 m2.,41,"92,870 EGP monthly / 5 Years","6,878,929 EGP",,
https://www.nawy.com/compound/931-205-arkan-palm/property/80235-office-for-sale-in-205-arkan-palm,Resale,https://prod-images.cooingestate.com/processed/property_image/image/402347/high.webp,El Sheikh Zayed,"Office, 205 Arkan Palm",https://prod-images.cooingestate.com/processed/developer/logo_image/174/medium.webp,An office in 205 Arkan Palm by Arkan Palm Development. The office size is 64 m2.,An office in 205 Arkan Palm by Arkan Palm Development. The office size is 64 m2.,64,"91,410 EGP monthly / 6 Years","11,758,872 EGP",,
https://www.nawy.com/compound/1121-ivory-plaza/property/62649-office-for-sale-in-ivory-plaza,Resale,https://prod-images.cooingestate.com/processed/property_image/image/315273/high.webp,New Capital City,"Office, Ivory Plaza",https://prod-images.cooingestate.com/processed/developer/logo_image/338/medium.webp,An office in Ivory Plaza by Tamayoz Developments. The office size is 73 m2.,An office in Ivory Plaza by Tamayoz Developments. The office size is 73 m2.,73,"18,000 EGP monthly / 5 Years","4,256,000 EGP",,
https://www.nawy.com/compound/631-nile-business-city/property/111123-office-for-sale-in-nile-business-city,Resale,https://prod-images.cooingestate.com/processed/property_image/image/632512/high.webp,New Capital City,"Office, Nile Business City",https://prod-images.cooingestate.com/processed/developer/logo_image/129/medium.webp,An office in Nile Business City by Nile Developments. The office size is 43 m2.,An office in Nile Business City by Nile Developments. The office size is 43 m2.,43,"20,000 EGP monthly / 5 Years","5,006,375 EGP",,
https://www.nawy.com/compound/782-eastlane/property/99380-office-for-sale-in-eastlane,Resale,https://prod-images.cooingestate.com/processed/property_image/image/537843/high.webp,New Cairo,"Office, Eastlane",https://prod-images.cooingestate.com/processed/developer/logo_image/204/medium.webp,An office in Eastlane by Urbnlanes Development. The office size is 70 m2.,An office in Eastlane by Urbnlanes Development. The office size is 70 m2.,70,,"14,000,000 EGP",,
https://www.nawy.com/compound/516-mizar-tower/property/115069-office-for-sale-in-mizar-tower-in-new-capital-city-by-zodiac-development,Resale,https://prod-images.cooingestate.com/processed/inventory/unlockedProperties/115069/26892e17-fbd2-4d99-b584-a6175ac4c16b/high.webp,New Capital City,"Office, Mizar Tower",https://prod-images.cooingestate.com/processed/developer/logo_image/145/medium.webp,An office in Mizar Tower by Zodiac Development. The office size is 47 m2.,An office in Mizar Tower by Zodiac Development. The office size is 47 m2.,47,,"3,375,000 EGP",,
https://www.nawy.com/compound/890-cayo-mall/property/68093-office-for-sale-in-cayo-mall,Resale,https://prod-images.cooingestate.com/processed/property_image/image/448094/high.webp,New Capital City,"Office, Cayo Mall",https://prod-images.cooingestate.com/processed/developer/logo_image/299/medium.webp,An office in Cayo Mall by Contact Development. The office size is 30 m2.,An office in Cayo Mall by Contact Development. The office size is 30 m2.,30,,"5,000,000 EGP",,
https://www.nawy.com/compound/428-i-business-park/property/65934-office-for-sale-in-i-business-park-new-capital-city,Resale,https://prod-images.cooingestate.com/processed/property_image/image/335551/high.webp,New Capital City,"Office, I-Business Park",https://prod-images.cooingestate.com/processed/developer/logo_image/116/medium.webp,An office in I-Business Park by ARQA Development Group. The office size is 41 m2.,An office in I-Business Park by ARQA Development Group. The office size is 41 m2.,41,,"5,600,000 EGP",,
https://www.nawy.com/compound/870-revolve-mall/property/84289-office-for-sale-in-revolve,Resale,https://prod-images.cooingestate.com/processed/property_image/image/422889/high.webp,New Cairo,"Office, Revolve Mall",https://prod-images.cooingestate.com/processed/developer/logo_image/218/medium.webp,An office in Revolve Mall by Town Writers. The office size is 37 m2.,An office in Revolve Mall by Town Writers. The office size is 37 m2.,37,"41,850 EGP monthly / 4 Years","4,800,000 EGP",,
https://www.nawy.com/compound/1571-junction/property/83150-office-for-sale-in-junction-in-6th-of-october-city-by-majid-al-futtaim,,https://prod-images.cooingestate.com/processed/property_image/image/416736/high.webp,6th of October City,"Office, Junction",https://prod-images.cooingestate.com/processed/developer/logo_image/451/medium.webp,An office in Junction  by Majid Al Futtaim. The office size is 90 m2.,An office in Junction  by Majid Al Futtaim. The office size is 90 m2.,90,"492,500 EGP quarterly / 8 Years","19,700,000 EGP",,
https://www.nawy.com/compound/476-audaz/property/58777-office-for-sale-in-audaz-6th-new-capital-city,Resale,https://prod-images.cooingestate.com/processed/property_image/image/291203/high.webp,New Capital City,"Office, Audaz",https://prod-images.cooingestate.com/processed/developer/logo_image/135/medium.webp,An office in Audaz by Gates Development. The office size is 42 m2.,An office in Audaz by Gates Development. The office size is 42 m2.,42,,"4,300,000 EGP",,
https://www.nawy.com/compound/1332-the-five/property/112838-office-for-sale-in-the-five,Resale,https://prod-images.cooingestate.com/processed/property_image/image/650978/high.webp,New Capital City,"Office, The Five",https://prod-images.cooingestate.com/processed/developer/logo_image/400/medium.webp,An office in The Five by SAMCO Developments. The office size is 80 m2.,An office in The Five by SAMCO Developments. The office size is 80 m2.,80,"55,125 EGP monthly / 7 Years","6,642,000 EGP",,
https://www.nawy.com/compound/619-vida-mall-down-town/property/59225-office-for-sale-in-vida-mall-down-town-in-new-capital-city-by-location-developments,Resale,https://prod-images.cooingestate.com/processed/inventory/unlockedProperties/59225/5c9976b9-4d60-410b-9114-b11b8bad0756/high.webp,New Capital City,"Office, Vida Mall Down Town",https://prod-images.cooingestate.com/processed/developer/logo_image/181/medium.webp,An office in Vida Mall Down Town  by Location Developments. The office size is 17 m2.,An office in Vida Mall Down Town  by Location Developments. The office size is 17 m2.,17,,"1,450,000 EGP",,
https://www.nawy.com/compound/28-the-strip-[-commercial-]/property/69733-office-for-sale-in-the-strip-commercial,Resale,https://prod-images.cooingestate.com/processed/property_image/image/356062/high.webp,6th of October City,"Office, The Strip [ Commercial ]",https://prod-images.cooingestate.com/processed/developer/logo_image/8/medium.webp,An office in The Strip [ Commercial ] by SODIC. The office size is 136 m2.,An office in The Strip [ Commercial ] by SODIC. The office size is 136 m2.,136,,"17,500,000 EGP",1,1
https://www.nawy.com/compound/1522-queens/property/48100-Office-for-sale-in-Queens-with-8-bedrooms-in-New%20Cairo-by-Al%20Jazi%20Egypt,,https://prod-images.cooingestate.com/processed/inventory/brochure_images/Al%20Jazi%20Egypt/queens/Chessfield%202%202/high.webp,New Cairo,"Office, Queens",https://prod-images.cooingestate.com/processed/developer/logo_image/103/medium.webp,An office in Queens by Al Jazi Egypt. The office size is 148 m2.,An office in Queens by Al Jazi Egypt. The office size is 148 m2.,148,"1,065,045 EGP quarterly / 7 Years","31,390,800 EGP",,
https://www.nawy.com/compound/684-modon-mega-towers/property/93202-office-for-sale-in-modon-mega-towers,Resale,https://prod-images.cooingestate.com/processed/property_image/image/472218/high.webp,New Capital City,"Office, Modon Mega Towers",https://prod-images.cooingestate.com/processed/developer/logo_image/133/medium.webp,An office in Modon Mega Towers  by Modon Egypt. The office size is 42 m2.,An office in Modon Mega Towers  by Modon Egypt. The office size is 42 m2.,42,"5,406 EGP monthly / 7 Years","3,179,018 EGP",,
https://www.nawy.com/compound/215-eastown-administartive/property/87243-office-for-sale-in-eastown-administartive,Resale,https://prod-images.cooingestate.com/processed/property_image/image/438813/high.webp,New Cairo,"Office, Eastown Administartive",https://prod-images.cooingestate.com/processed/developer/logo_image/8/medium.webp,An office in Eastown Administartive by SODIC. The office size is 134 m2.,An office in Eastown Administartive by SODIC. The office size is 134 m2.,134,,"33,500,000 EGP",,
https://www.nawy.com/compound/904-noir/property/89935-office-for-sale-in-noir,Resale,https://prod-images.cooingestate.com/processed/property_image/image/454345/high.webp,New Cairo,"Office, Noir",https://prod-images.cooingestate.com/processed/developer/logo_image/76/medium.webp,An office in Noir by Living Yards Developments. The office size is 93 m2.,An office in Noir by Living Yards Developments. The office size is 93 m2.,93,"112,420 EGP monthly / 1 Years","10,680,000 EGP",,
https://www.nawy.com/compound/1369-sky-walk-october/property/106855-office-for-sale-in-sky-walk-october,Resale,https://prod-images.cooingestate.com/processed/property_image/image/591615/high.webp,6th of October City,"Office, Sky Walk October",https://prod-images.cooingestate.com/processed/developer/logo_image/409/medium.webp,An office in Sky Walk October by Skywalk Developments. The office size is 63 m2.,An office in Sky Walk October by Skywalk Developments. The office size is 63 m2.,63,"154,570 EGP monthly / 3 Years","11,734,128 EGP",,
https://www.nawy.com/compound/605-east-tower/property/58641-office-for-sale-in-east-tower-new-capital,Resale,https://prod-images.cooingestate.com/processed/property_image/image/290254/high.webp,New Capital City,"Office, East Tower",https://prod-images.cooingestate.com/processed/developer/logo_image/130/medium.webp,An office in East Tower by UC Developments. The office size is 51 m2.,An office in East Tower by UC Developments. The office size is 51 m2.,51,"12,750 EGP monthly / 9 Years","5,087,000 EGP",,
https://www.nawy.com/compound/896-paragon-3/property/106382-office-for-sale-in-paragon-3-in-new-capital-city-by-paragon-development,,https://prod-images.cooingestate.com/processed/property_image/image/587128/high.webp,New Capital City,"Office, Paragon 3",https://prod-images.cooingestate.com/processed/developer/logo_image/302/medium.webp,An office in Paragon 3 by Paragon Development. The office size is 63 m2.,An office in Paragon 3 by Paragon Development. The office size is 63 m2.,63,"143,413 EGP monthly / 6 Years","11,473,000 EGP",,
https://www.nawy.com/compound/818-prk-vie/property/80584-office-for-sale-in-prk-vie,Resale,https://prod-images.cooingestate.com/processed/property_image/image/404770/high.webp,El Lotus,"Office, Prk Vie",https://prod-images.cooingestate.com/processed/developer/logo_image/144/medium.webp,An office in Prk Vie by Upwyde Developments. The office size is 71 m2.,An office in Prk Vie by Upwyde Developments. The office size is 71 m2.,71,"40,950 EGP monthly / 6 Years","8,462,352 EGP",,
https://www.nawy.com/compound/1252-code/property/87916-Office-for-sale-in-Code-with-8-bedrooms-in-New%20Capital%20City-by-Jadeer%20Realestate,,https://prod-images.cooingestate.com/processed/inventory/brochure_images/Jadeer%20Realestate/code/Mobile_brochure-1_015%204/high.webp,New Capital City,"Office, Code",https://prod-images.cooingestate.com/processed/developer/logo_image/356/medium.webp,An office in Code by Jadeer Realestate. The office size is 36 m2.,An office in Code by Jadeer Realestate. The office size is 36 m2.,36,"97,750 EGP quarterly / 10 Years","4,600,000 EGP",,
https://www.nawy.com/compound/503-31n-commercial-tower/property/74575-office-for-sale-in-31n-commercial-tower,Resale,https://prod-images.cooingestate.com/processed/property_image/image/373431/high.webp,New Capital City,"Office, 31N Commercial Tower",https://prod-images.cooingestate.com/processed/developer/logo_image/129/medium.webp,An office in 31N Commercial Tower by Nile Developments. The office size is 37 m2.,An office in 31N Commercial Tower by Nile Developments. The office size is 37 m2.,37,"15,418 EGP monthly / 4 Years","4,598,311 EGP",,
https://www.nawy.com/compound/1425-the-quad/property/73432-office-for-sale-in-the-quad-in-el-sheikh-zayed-by-arkan-palm-development,,https://www.nawy.com/assets/images/common/broken.webp,El Sheikh Zayed,"Office, The Quad",https://prod-images.cooingestate.com/processed/developer/logo_image/174/medium.webp,An office in The Quad by Arkan Palm Development. The office size is 188 m2.,An office in The Quad by Arkan Palm Development. The office size is 188 m2.,188,"1,385,063 EGP quarterly / 6 Years","36,935,000 EGP",,
https://www.nawy.com/compound/27-the-polygon/property/75702-Office-for-sale-in-The%20Polygon%20-with-8-bedrooms-in-El%20Sheikh%20Zayed-by-SODIC,,https://prod-images.cooingestate.com/processed/inventory/brochure_images/SODIC/thepolygon/Screenshot_1/high.webp,El Sheikh Zayed,"Office, The Polygon",https://prod-images.cooingestate.com/processed/developer/logo_image/8/medium.webp,An office in The Polygon  by SODIC. The office size is 336 m2.,An office in The Polygon  by SODIC. The office size is 336 m2.,336,"2,383,467 EGP quarterly / 6 Years","71,504,000 EGP",,
https://www.nawy.com/compound/1413-diamond-tower-2/property/97987-Office-for-sale-in-Diamond%20Tower%202-with-8-bedrooms-in-New%20Capital%20City-by-Emaar%20Rezk%20Group%20Developments,,https://prod-images.cooingestate.com/processed/inventory/brochure_images/Emaar%20Rezk%20Group%20Developments/diamondtower2/Screenshot%202025-09-15%20141504/high.webp,New Capital City,"Office, Diamond Tower 2",https://prod-images.cooingestate.com/processed/developer/logo_image/222/medium.webp,An office in Diamond Tower 2 by Emaar Rezk Group Developments . The office size is 34 m2.,An office in Diamond Tower 2 by Emaar Rezk Group Developments . The office size is 34 m2.,34,"82,129 EGP quarterly / 10 Years","3,864,905 EGP",,
https://www.nawy.com/compound/1164-saada-commercial-hub/property/110462-Office-for-sale-in-Saada%20Commercial%20Hub-with-8-bedrooms-in-New%20Cairo-by-Horizon%20Egypt%20Development,,https://prod-images.cooingestate.com/processed/inventory/brochure_images/Horizon%20Egypt%20Development/saadacommercialhub/Screenshot%202025-09-03%20181831/high.webp,New Cairo,"Office, Saada Commercial Hub",https://prod-images.cooingestate.com/processed/developer/logo_image/325/medium.webp,An office in Saada Commercial Hub by Horizon Egypt Development. The office size is 46 m2.,An office in Saada Commercial Hub by Horizon Egypt Development. The office size is 46 m2.,46,"292,927 EGP quarterly / 8 Years","9,867,000 EGP",,
https://www.nawy.com/compound/378-the-waterway-villas/property/112611-Office-for-sale-in-The%20Waterway%20Villas-with-8-bedrooms-in-North%20Investors-by-The%20Waterway%20Developments,,https://prod-images.cooingestate.com/processed/inventory/brochure_images//thewaterwayvillas/default5/high.webp,North Investors,"Office, The Waterway Villas",https://prod-images.cooingestate.com/processed/developer/logo_image/64/medium.webp,An office in The Waterway Villas by The Waterway Developments. The office size is 205 m2.,An office in The Waterway Villas by The Waterway Developments. The office size is 205 m2.,205,"2,130,975 EGP quarterly / 5 Years","47,355,000 EGP",,
https://www.nawy.com/compound/1306-coflow/property/104370-Office-for-sale-in-Coflow%20-with-8-bedrooms-in-Mostakbal%20City-by-Tatweer%20Misr,,https://prod-images.cooingestate.com/processed/inventory/brochure_images/Tatweer%20Misr/coflow/Coflow_SalesKit_2_1__Page_29_Image_0001/high.webp,Mostakbal City,"Office, Coflow",https://prod-images.cooingestate.com/processed/developer/logo_image/33/medium.webp,An office in Coflow  by Tatweer Misr. The office size is 115 m2.,An office in Coflow  by Tatweer Misr. The office size is 115 m2.,115,"316,564 EGP quarterly / 10 Years","13,329,000 EGP",,
https://www.nawy.com/compound/843-radium/property/78055-office-for-sale-in-radium,Resale,https://prod-images.cooingestate.com/processed/property_image/image/390487/high.webp,New Cairo,"Office, Radium",https://prod-images.cooingestate.com/processed/developer/logo_image/257/medium.webp,An office in Radium by Make Place Developments. The office size is 52 m2.,An office in Radium by Make Place Developments. The office size is 52 m2.,52,"53,240 EGP monthly / 8 Years","7,234,705 EGP",,
https://www.nawy.com/compound/638-westown-the-portal/property/86712-Office-for-sale-in-Westown%20The%20Portal-with-8-bedrooms-in-El%20Sheikh%20Zayed-by-SODIC,,https://prod-images.cooingestate.com/processed/inventory/brochure_images/SODIC/westowntheportal/Screenshot_2__15_/high.webp,El Sheikh Zayed,"Office, Westown The Portal",https://prod-images.cooingestate.com/processed/developer/logo_image/8/medium.webp,An office in Westown The Portal by SODIC. The office size is 193 m2.,An office in Westown The Portal by SODIC. The office size is 193 m2.,193,"2,271,640 EGP quarterly / 5 Years","56,791,000 EGP",,
https://www.nawy.com/compound/1187-five-fifty-five-business-complex/property/103848-office-for-sale-in-five-fifty-five-business-complex,Resale,https://prod-images.cooingestate.com/processed/property_image/image/566670/high.webp,El Sheikh Zayed,"Office, Five Fifty Five Business Complex",https://prod-images.cooingestate.com/processed/developer/logo_image/375/medium.webp,An office in Five Fifty Five Business Complex by DAL Developments. The office size is 49 m2.,An office in Five Fifty Five Business Complex by DAL Developments. The office size is 49 m2.,49,"124,170 EGP monthly / 4 Years","8,778,050 EGP",,
https://www.nawy.com/compound/344-one-ninety/property/76230-office-for-sale-in-one-ninety,Resale,https://prod-images.cooingestate.com/processed/property_image/image/381476/high.webp,New Cairo,"Office, One - Ninety",https://prod-images.cooingestate.com/processed/developer/logo_image/72/medium.webp,An office in One - Ninety by LMD. The office size is 84 m2.,An office in One - Ninety by LMD. The office size is 84 m2.,84,"136,200 EGP monthly / 6 Years","14,790,400 EGP",1,1
https://www.nawy.com/compound/813-205-downtown/property/66212-office-for-sale-in-205-downtown-in-el-sheikh-zayed-by-arkan-palm-development,Resale,https://prod-images.cooingestate.com/processed/inventory/unlockedProperties/66212/2221fb7b-7b6f-47ca-a663-e538c8d13811/high.webp,El Sheikh Zayed,"Office, 205 DownTown",https://prod-images.cooingestate.com/processed/developer/logo_image/174/medium.webp,An office in 205 DownTown by Arkan Palm Development. The office size is 98 m2.,An office in 205 DownTown by Arkan Palm Development. The office size is 98 m2.,98,"226,667 EGP quarterly / 3 Years","14,350,000 EGP",,1
https://www.nawy.com/compound/920-space-mall/property/62675-office-for-sale-in-space-mall-sheikh-zayed,Resale,https://prod-images.cooingestate.com/processed/property_image/image/315432/high.webp,6th of October City,"Office, Space Mall",https://prod-images.cooingestate.com/processed/developer/logo_image/135/medium.webp,An office in Space Mall by Gates Development. The office size is 54 m2.,An office in Space Mall by Gates Development. The office size is 54 m2.,54,"36,670 EGP monthly / 6 Years","5,426,000 EGP",,
https://www.nawy.com/compound/1961-C9/property/112451-Office-for-sale-in-C9-with-8-bedrooms-in-6th%20of%20October%20City-by-Centrada%20Developments,,https://prod-images.cooingestate.com/processed/inventory/brochure_images/Omar%20Abdalla%20Developments%20OAD/c9/page_19_img_0/high.webp,6th of October City,"Office, C9",https://prod-images.cooingestate.com/processed/developer/logo_image/401/medium.webp,An office in C9 by Centrada Developments. The office size is 60 m2.,An office in C9 by Centrada Developments. The office size is 60 m2.,60,"41,747 EGP monthly / 8.3 Years","4,200,000 EGP",,
https://www.nawy.com/compound/1519-campus-district-5/property/67923-Office-for-sale-in-Campus%20District%205-with-8-bedrooms-in-South%20New%20Cairo-by-Marakez,,https://prod-images.cooingestate.com/processed/inventory/brochure_images/Marakez/campusdistrict5/high%204/high.webp,South New Cairo,"Office, Campus District 5",https://prod-images.cooingestate.com/processed/developer/logo_image/65/medium.webp,An office in Campus District 5 by Marakez. The office size is 102 m2.,An office in Campus District 5 by Marakez. The office size is 102 m2.,102,"777,963 EGP quarterly / 7 Years","25,627,000 EGP",,
https://www.nawy.com/compound/311-o-west-business-district/property/82790-office-for-sale-in-o-west-business-district,Resale,https://prod-images.cooingestate.com/processed/property_image/image/415001/high.webp,October Gardens,"Office, O West Business District",https://prod-images.cooingestate.com/processed/developer/logo_image/35/medium.webp,An office in O West Business District by Orascom Development Egypt. The office size is 143 m2.,An office in O West Business District by Orascom Development Egypt. The office size is 143 m2.,143,"199,950 EGP monthly / 4 Years","61,395,204 EGP",,
https://www.nawy.com/compound/337-heartwork/property/81724-office-for-sale-in-heartwork-in-new-cairo-by-mountain-view,Resale,https://prod-images.cooingestate.com/processed/inventory/unlockedProperties/81724/69332234-cbd1-408d-8107-da994e8ae9dc/high.webp,New Cairo,"Office, HeartWork",https://prod-images.cooingestate.com/processed/developer/logo_image/6/medium.webp,An office in HeartWork by Mountain View. The office size is 80 m2.,An office in HeartWork by Mountain View. The office size is 80 m2.,80,"58,491 EGP payment-plans.frequencies.semiAnually / 5 Years","8,809,440 EGP",,
https://www.nawy.com/compound/511-granoy/property/116406-office-for-sale-in-granoy-in-new-cairo-by-upwyde-developments,Resale,https://prod-images.cooingestate.com/processed/inventory/unlockedProperties/116406/eaa7cb3c-a525-4d68-8c42-850ff84b6c0f/high.webp,New Cairo,"Office, Granoy",https://prod-images.cooingestate.com/processed/developer/logo_image/144/medium.webp,An office in Granoy by Upwyde Developments. The office size is 31 m2.,An office in Granoy by Upwyde Developments. The office size is 31 m2.,31,,"5,200,000 EGP",,
https://www.nawy.com/compound/1251-obex/property/98602-office-for-sale-in-obex,Resale,https://prod-images.cooingestate.com/processed/property_image/image/530264/high.webp,New Capital City,"Office, Obex",https://prod-images.cooingestate.com/processed/developer/logo_image/356/medium.webp,An office in Obex by Jadeer Realestate. The office size is 45 m2.,An office in Obex by Jadeer Realestate. The office size is 45 m2.,45,"52,903 EGP monthly / 5 Years","4,962,000 EGP",,
https://www.nawy.com/compound/1069-t.hub/property/103865-office-for-sale-in-thub,Resale,https://prod-images.cooingestate.com/processed/property_image/image/566773/high.webp,New Cairo,"Office, T.Hub",https://prod-images.cooingestate.com/processed/developer/logo_image/200/medium.webp,An office in T.Hub by Times Developments. The office size is 65 m2.,An office in T.Hub by Times Developments. The office size is 65 m2.,65,"111,625 EGP monthly / 2 Years","7,980,610 EGP",,
https://www.nawy.com/compound/751-the-ark/property/106838-office-for-sale-in-the-ark,Resale,https://prod-images.cooingestate.com/processed/property_image/image/591419/high.webp,New Cairo,"Office, The Ark",https://prod-images.cooingestate.com/processed/developer/logo_image/219/medium.webp,An office in The Ark  by The Ark Development. The office size is 167 m2.,An office in The Ark  by The Ark Development. The office size is 167 m2.,167,"264,430 EGP monthly / 6 Years","25,964,712 EGP",,
https://www.nawy.com/compound/1057-palmet-new-cairo/property/76543-office-for-sale-in-palmet-new-cairo,Resale,https://prod-images.cooingestate.com/processed/property_image/image/383076/high.webp,New Cairo,"Office, Palmet - New Cairo",https://prod-images.cooingestate.com/processed/developer/logo_image/16/medium.webp,An office in Palmet - New Cairo by Palm Hills Developments. The office size is 84 m2.,An office in Palmet - New Cairo by Palm Hills Developments. The office size is 84 m2.,84,"98,250 EGP monthly / 6 Years","10,670,992 EGP",,
https://www.nawy.com/compound/879-gates-prive/property/63720-office-for-sale-in-gates-prive-october,Resale,https://prod-images.cooingestate.com/processed/property_image/image/321243/high.webp,Northern Expansion,"Office, Gates Prive",https://prod-images.cooingestate.com/processed/developer/logo_image/135/medium.webp,An office in Gates Prive by Gates Development. The office size is 83 m2.,An office in Gates Prive by Gates Development. The office size is 83 m2.,83,"100,000 EGP monthly / 6 Years","16,000,000 EGP",,
https://www.nawy.com/compound/1214-the-gray/property/82617-Office-for-sale-in-The%20Gray%20-with-8-bedrooms-in-New%20Cairo-by-Housing%20and%20Development%20Properties%20HDP,,https://prod-images.cooingestate.com/processed/inventory/brochure_images/Housing%20and%20Development%20Properties/thegray/high%2012/high.webp,New Cairo,"Office, The Gray",https://prod-images.cooingestate.com/processed/developer/logo_image/250/medium.webp,An office in The Gray  by Housing and Development Properties HDP. The office size is 62 m2.,An office in The Gray  by Housing and Development Properties HDP. The office size is 62 m2.,62,"837,000 EGP quarterly / 4 Years","14,880,000 EGP",,
